{"cameraMode":{"drawMode":0,"name":"Shaded","section":"Shading Mode"},"sceneLighting":true,"audioPlay":false,"sceneViewState":{"m_AlwaysRefresh":false,"showFog":true,"showSkybox":true,"showFlares":true,"showImageEffects":true,"showParticleSystems":true,"showVisualEffectGraphs":true,"m_FxEnabled":true},"in2DMode":false,"pivot":{"x":34.259910583496097,"y":12.945137023925782,"z":-39.64220428466797},"rotation":{"x":-0.08645904809236527,"y":0.0599212720990181,"z":0.005017388612031937,"w":0.9946871995925903},"size":5.623427867889404,"orthographic":false}