{"cameraMode":{"drawMode":0,"name":"Shaded","section":"Shading Mode"},"sceneLighting":true,"audioPlay":false,"sceneViewState":{"m_AlwaysRefresh":false,"showFog":true,"showSkybox":true,"showFlares":true,"showImageEffects":true,"showParticleSystems":true,"showVisualEffectGraphs":true,"m_FxEnabled":true},"in2DMode":false,"pivot":{"x":19.732933044433595,"y":3.6076221466064455,"z":-25.020572662353517},"rotation":{"x":-0.14043591916561128,"y":0.6881026029586792,"z":-0.13822072744369508,"w":-0.6985928416252136},"size":12.147846221923829,"orthographic":false}