{"cameraMode":{"drawMode":0,"name":"Shaded","section":"Shading Mode"},"sceneLighting":false,"audioPlay":false,"sceneViewState":{"m_AlwaysRefresh":false,"showFog":true,"showSkybox":false,"showFlares":true,"showImageEffects":true,"showParticleSystems":true,"showVisualEffectGraphs":true,"m_FxEnabled":true},"in2DMode":false,"pivot":{"x":-0.6236035227775574,"y":0.32864248752593996,"z":-8.430900573730469},"rotation":{"x":0.02428678423166275,"y":0.9755143523216248,"z":-0.14476801455020905,"w":0.16426044702529908},"size":1.4205982685089112,"orthographic":false}