{"cameraMode":{"drawMode":0,"name":"Shaded","section":"Shading Mode"},"sceneLighting":false,"audioPlay":false,"sceneViewState":{"m_AlwaysRefresh":false,"showFog":true,"showSkybox":false,"showFlares":true,"showImageEffects":true,"showParticleSystems":true,"showVisualEffectGraphs":true,"m_FxEnabled":true},"in2DMode":false,"pivot":{"x":26.968280792236329,"y":0.522671103477478,"z":-37.414527893066409},"rotation":{"x":-0.0002867815492209047,"y":0.9980702996253967,"z":0.0641551986336708,"w":0.0053410944528877739},"size":1.7302095890045167,"orthographic":false}