{"cameraMode":{"drawMode":0,"name":"Shaded","section":"Shading Mode"},"sceneLighting":false,"audioPlay":false,"sceneViewState":{"m_AlwaysRefresh":false,"showFog":true,"showSkybox":false,"showFlares":true,"showImageEffects":true,"showParticleSystems":true,"showVisualEffectGraphs":true,"m_FxEnabled":true},"in2DMode":false,"pivot":{"x":-6.489771842956543,"y":0.9557907581329346,"z":-6.279972076416016},"rotation":{"x":0.006676133722066879,"y":0.9932966828346252,"z":0.07582716643810272,"w":-0.08783590793609619},"size":1.2950470447540284,"orthographic":false}