{"cameraMode":{"drawMode":0,"name":"Shaded","section":"Shading Mode"},"sceneLighting":false,"audioPlay":false,"sceneViewState":{"m_AlwaysRefresh":false,"showFog":true,"showSkybox":false,"showFlares":true,"showImageEffects":true,"showParticleSystems":true,"showVisualEffectGraphs":true,"m_FxEnabled":true},"in2DMode":false,"pivot":{"x":-5.9001665115356449,"y":0.23544886708259583,"z":-6.325155735015869},"rotation":{"x":0.0017000482184812427,"y":0.9976986646652222,"z":-0.06325104832649231,"w":0.027248650789260865},"size":1.2950470447540284,"orthographic":false}